Full Name,Phone,Email,Age,Experience,Yearly Income,Has children,License states,Expiration date,License number
Nahum Dyshart,+1 267 704 5788,ndyshart0@nih.gov,33,12,911.76,,Pennsylvania,2020-06-14,1xr567
Kerrill Grcic,304 527 9761,kgrcic1@1688.com,22,1,959.29,FALSE,West Virginia,03/10/2020,1xr568
Lew Suero,+1 727 313 5189,lsuero2@hp.com,45,41,993.26,TRUE,Florida,10/10/2020,1xr569
Hillary Dechelle,+1 304 114 1435,hdechelle3@theatlantic.com,25,4,901.60,TRUE,West Virginia,04/27/2020,1xr570
Malory Raspison,+1 215 581 9863,mraspison4@japanpost.jp,55,0,986.39,TRUE,Pennsylvania,08/27/2020,1xr567
Leeanne Boissier,+1 602 811 3638,lboissier5@ovh.net,31,5,922.99,TRUE,Arizona,01/24/2021,1xr567
Cristi Bigham,+1 205 468 7670,cbigham6@thetimes.co.uk,28,10,984.52,FALSE,Alabama,08/11/2020,1xr567
Jacquetta Roulston,+1 651 569 5982,jroulston7@wp.com,22,21,933.55,FALSE,Minnesota,09/30/2020,1xr568
Belvia Bartolomeu,+1 310 879 4947,bbartolomeu8@oakley.com,312,12,994.95,FALSE,California,04/20/2020,1xr567
Binny Woolaston,+1 410 917 8374,bwoolaston9@buzzfeed.com,54,11,940.06,FALSE,Maryland,05/27/2020,1xr568
