fUlL nAmE,Phone,Email,Age,Experience,Yearly Income,Has children,License states,Expiration date,License number
Lew ,2155819863,ndyshart0@nih.gov,12,150,-123,,Alabama  maine Men Arizona,2020-08-11,1xr567
Lew ,2155819863,ndyshart0@nih.gov,-225,45,,TRUE,Pennsylvania,2020-08-11,1xr567
Lew ,+12677045788,kgrcic1@1688.com,22,44,959.29,FALSE,West Virginia,3/10/2020,1xr568
Lew Suero,Lewasdasdasd,lsuero2@hp.com,45,41,993.26,TRUE,,10/10/2020,1xr5 69
Hillary Dechelle,+13041141435,hdechelle3@theatlantic.com,25,-5,901.60,TRUE,West Virginia,4/27/2020,1xr570
Malory Raspison,+112312312323,mraspison4@japanpost.jp,55,0,986.39,,Pennsylvania Pennsylvania,8/27/2020,1xr567
Leeanne Boissier,+16028113638,lboissier5@ovh.net,31,200,922.99,TRUE,Arizona,1/24/2021, 
Jacquetta Roulston,+16515695982,jroulston7@wp.com,22,21,933.55,FALSE,Minnesota,9/30/2020,1xr__&68
Belvia Bartolomeu,+13108794947,bbartolomeu8@oakley.com,312,12,994.95,FALSE,California,4/20/2020,1xr567
Binny Woolaston,+14109178374,bwoolaston9@buzzfeed.com,54,91,940.06,FALSE,Maryland,5/27/2020,1xr568
Lew ,2155819863,ndyshart0@nih.gov,12,150,-123,,Alabama  maine Men Arizona,2020-08-11,1xr567
Lew ,2677045788,ndyshart0@nih.gov,12,45,,TRUE,Pennsylvania,2020-08-11,1xr567
Lew ,2155819863,ndyshart0@nih.gov,12,150,-123,,Alabama  maine Men Arizona,2020-08-11,1xr567
Lew ,2677045788,ndyshart0@nih.gov,12,45,,TRUE,Pennsylvania,2020-08-11,1xr567
